<?xml version="1.0" encoding="UTF-8"?>
<project-private xmlns="http://www.netbeans.org/ns/project-private/1">
    <editor-bookmarks xmlns="http://www.netbeans.org/ns/editor-bookmarks/2" lastBookmarkId="0"/>
    <open-files xmlns="http://www.netbeans.org/ns/projectui-open-files/2">
        <group>
            <file>file:/Applications/mampstack-5.5.31-0/apache2/htdocs/Proyecto/insertar2.php</file>
            <file>file:/Applications/mampstack-5.5.31-0/apache2/htdocs/Proyecto/logout.php</file>
            <file>file:/Applications/mampstack-5.5.31-0/apache2/htdocs/Proyecto/insertar1.php</file>
            <file>file:/Applications/mampstack-5.5.31-0/apache2/htdocs/Proyecto/agenda.php</file>
            <file>file:/Applications/mampstack-5.5.31-0/apache2/htdocs/Proyecto/registro2.php</file>
            <file>file:/Applications/mampstack-5.5.31-0/apache2/htdocs/Proyecto/registro.php</file>
            <file>file:/Applications/mampstack-5.5.31-0/apache2/htdocs/Proyecto/creartodo2.php</file>
            <file>file:/Applications/mampstack-5.5.31-0/apache2/htdocs/Proyecto/modificar1.php</file>
            <file>file:/Applications/mampstack-5.5.31-0/apache2/htdocs/Proyecto/modificar3.php</file>
            <file>file:/Applications/mampstack-5.5.31-0/apache2/htdocs/Proyecto/borrar2.php</file>
            <file>file:/Applications/mampstack-5.5.31-0/apache2/htdocs/Proyecto/listar.php</file>
            <file>file:/Applications/mampstack-5.5.31-0/apache2/htdocs/Proyecto/buscar1.php</file>
            <file>file:/Applications/mampstack-5.5.31-0/apache2/htdocs/Proyecto/modificar2.php</file>
            <file>file:/Applications/mampstack-5.5.31-0/apache2/htdocs/Proyecto/agenda_mysql.php</file>
            <file>file:/Applications/mampstack-5.5.31-0/apache2/htdocs/Proyecto/index.php</file>
            <file>file:/Applications/mampstack-5.5.31-0/apache2/htdocs/Proyecto/borrar1.php</file>
            <file>file:/Applications/mampstack-5.5.31-0/apache2/htdocs/Proyecto/borrartodo1.php</file>
            <file>file:/Applications/mampstack-5.5.31-0/apache2/htdocs/Proyecto/login1.php</file>
            <file>file:/Applications/mampstack-5.5.31-0/apache2/htdocs/Proyecto/creartodo1.php</file>
        </group>
    </open-files>
</project-private>
